Answers for the world queries go here:

For example:

1. What are the names of all the cities in the Netherlands?

SELECT city.Name FROM city JOIN country ON city.CountryCode = country.Code WHERE country.Name = 'Netherlands';
+-------------------+
| Name              |
+-------------------+
| Amsterdam         |
| Rotterdam         |
| Haag              |
| Utrecht           |
| Eindhoven         |
| Tilburg           |
| Groningen         |
| Breda             |
| Apeldoorn         |
| Nijmegen          |
| Enschede          |
| Haarlem           |
| Almere            |
| Arnhem            |
| Zaanstad          |
| ´s-Hertogenbosch  |
| Amersfoort        |
| Maastricht        |
| Dordrecht         |
| Leiden            |
| Haarlemmermeer    |
| Zoetermeer        |
| Emmen             |
| Zwolle            |
| Ede               |
| Delft             |
| Heerlen           |
| Alkmaar           |
+-------------------+
28 rows in set (0.00 sec)
--------------------------------------------------
mysql> SELECT city.Name FROM city JOIN country on country.Name = "Netherlands" AND city.CountryCode = country.code;
+-------------------+
| name              |
+-------------------+
| Amsterdam         |
| Rotterdam         |
| Haag              |
| Utrecht           |
| Eindhoven         |
| Tilburg           |
| Groningen         |
| Breda             |
| Apeldoorn         |
| Nijmegen          |
| Enschede          |
| Haarlem           |
| Almere            |
| Arnhem            |
| Zaanstad          |
| Â´s-Hertogenbosch |
| Amersfoort        |
| Maastricht        |
| Dordrecht         |
| Leiden            |
| Haarlemmermeer    |
| Zoetermeer        |
| Emmen             |
| Zwolle            |
| Ede               |
| Delft             |
| Heerlen           |
| Alkmaar           |
+-------------------+
28 rows in set (0.19 sec)
-----------------------------------------
(Third way)
mysql> SELECT Name FROM city WHERE CountryCode = (SELECT code FROM country WHERE Name = "Netherlands");
+-------------------+
| Name              |
+-------------------+
| Amsterdam         |
| Rotterdam         |
| Haag              |
| Utrecht           |
| Eindhoven         |
| Tilburg           |
| Groningen         |
| Breda             |
| Apeldoorn         |
| Nijmegen          |
| Enschede          |
| Haarlem           |
| Almere            |
| Arnhem            |
| Zaanstad          |
| Â´s-Hertogenbosch |
| Amersfoort        |
| Maastricht        |
| Dordrecht         |
| Leiden            |
| Haarlemmermeer    |
| Zoetermeer        |
| Emmen             |
| Zwolle            |
| Ede               |
| Delft             |
| Heerlen           |
| Alkmaar           |
+-------------------+
28 rows in set (0.07 sec)
-----------------------------------------------------------------------
2. What is the population of Rotterdam ?
mysql> SELECT Name, Population FROM city WHERE city.Name = "Rotterdam";
+-----------+------------+
| name      | population |
+-----------+------------+
| Rotterdam |     593321 |
+-----------+------------+
1 row in set (0.01 sec)
----------------------------------------------------------------------------------------------------------------
3. What's the name of all the countries on the continent ‘North America’ ?
 SELECT Name FROM country WHERE continent = "North America";
+----------------------------------+
| name                             |
+----------------------------------+
| Aruba                            |
| Anguilla                         |
| Netherlands Antilles             |
| Antigua and Barbuda              |
| Bahamas                          |
| Belize                           |
| Bermuda                          |
| Barbados                         |
| Canada                           |
| Costa Rica                       |
| Cuba                             |
| Cayman Islands                   |
| Dominica                         |
| Dominican Republic               |
| Guadeloupe                       |
| Grenada                          |
| Greenland                        |
| Guatemala                        |
| Honduras                         |
| Haiti                            |
| Jamaica                          |
| Saint Kitts and Nevis            |
| Saint Lucia                      |
| Mexico                           |
| Montserrat                       |
| Martinique                       |
| Nicaragua                        |
| Panama                           |
| Puerto Rico                      |
| El Salvador                      |
| Saint Pierre and Miquelon        |
| Turks and Caicos Islands         |
| Trinidad and Tobago              |
| United States                    |
| Saint Vincent and the Grenadines |
| Virgin Islands, British          |
| Virgin Islands, U.S.             |
+----------------------------------+
37 rows in set (0.00 sec)
----------------------------------------------------------------------------------------------------------------
4. What's the top 10 countries by SurfaceArea ?
mysql> SELECT Name, SurfaceArea FROM country ORDER BY SurfaceArea DESC LIMIT 10 ;
+--------------------+-------------+
| name               | surfacearea |
+--------------------+-------------+
| Russian Federation | 17075400.00 |
| Antarctica         | 13120000.00 |
| Canada             |  9970610.00 |
| China              |  9572900.00 |
| United States      |  9363520.00 |
| Brazil             |  8547403.00 |
| Australia          |  7741220.00 |
| India              |  3287263.00 |
| Argentina          |  2780400.00 |
| Kazakstan          |  2724900.00 |
+--------------------+-------------+
10 rows in set (0.00 sec)
----------------------------------------------------------------------------------------------------------------
5. What's the top 10 most populated cities?
mysql> SELECT Name, Population FROM city ORDER BY Population DESC LIMIT 10 ;
+-------------------+------------+
| name              | population |
+-------------------+------------+
| Mumbai (Bombay)   |   10500000 |
| Seoul             |    9981619 |
| SÃ£o Paulo        |    9968485 |
| Shanghai          |    9696300 |
| Jakarta           |    9604900 |
| Karachi           |    9269265 |
| Istanbul          |    8787958 |
| Ciudad de MÃ©xico |    8591309 |
| Moscow            |    8389200 |
| New York          |    8008278 |
+-------------------+------------+
10 rows in set (0.01 sec)
----------------------------------------------------------------------------------------------------------------
6. Select the top 3 countries by population that their names start with the letter ‘P’
mysql> SELECT Name, Population FROM city WHERE Name Like "P%" ORDER BY Population DESC LIMIT 3;
+-----------+------------+
| Name      | Population |
+-----------+------------+
| Peking    |    7472000 |
| Pusan     |    3804522 |
| Pyongyang |    2484000 |
+-----------+------------+
3 rows in set (0.01 sec)
----------------------------------------------------------------------------------------------------------------
7. What is the population in Asia?
mysql> SELECT Continent, Population FROM country WHERE Continent = "Asia" GROUP BY Continent;
+-----------+------------+
| Continent | Population |
+-----------+------------+
| Asia      |   22720000 |
+-----------+------------+
1 row in set (0.00 sec)
----------------------------------------------------------------------------------------------------------------
8. Which languages are spoken in the Region of ‘South America’
mysql> SELECT DISTINCT la.Language FROM countrylanguage la JOIN country co ON la.CountryCode = co.Code WHERE Continent = "South America";
+------------------+
| language         |
+------------------+
| Indian Languages |
| Italian          |
| Spanish          |
| AimarÃ¡          |
| GuaranÃ­         |
| KetÂ?ua          |
| German           |
| Japanese         |
| Portuguese       |
| Araucan          |
| Rapa nui         |
| Arawakan         |
| Caribbean        |
| Chibcha          |
| Creole English   |
| English          |
| Creole French    |
| Hindi            |
| Sranantonga      |
| Goajiro          |
| Warrau           |
+------------------+
21 rows in set (0.00 sec)
----------------------------------------------------------------------------------------------------------------
9. What are the languages spoken on all cities named ‘Barcelona’ (you may need to join 3 tables =) )
mysql> select la.language from countrylanguage la
    -> JOIN country co ON la.countrycode = co.code
    -> JOIN city ci ON ci.countrycode = co.code
    -> where ci.name = "Barcelona";
+----------+
| language |
+----------+
| Basque   |
| Catalan  |
| Galecian |
| Spanish  |
| Goajiro  |
| Spanish  |
| Warrau   |
+----------+
7 rows in set (0.01 sec)